,GradientDescent,Adagrad,Momentum,Adam
error_u,0.05266034851882706,2.1289441178117348,0.06412157680795934,0.7390020896264142
error_r,0.00677987944459639,0.8940636998343395,0.006486043484751693,0.0355148450811755
