,GradientDescent,Adagrad,Momentum,Adam
error_u,0.03404964912797967,2.051392332341559,0.06494786756617313,0.28425078845746005
error_r,0.003723889647762564,0.990339190358119,0.007530969979765291,0.018576152418861434
