,False,True
error_u,0.06830434698951543,0.06643571842766265
error_r,0.007226357102788182,0.01142959032336626
